文件名,薄苔,裂纹,齿痕,厚苔,不确定,薄苔形状数,厚苔形状数,裂纹框数,齿痕框数,json路径,raw路径,color路径
2024-06-25_10-12-29-white,1,1,1,1,0,1,1,1,5,/home/server/wxl/cinao/hsi/2024-06-25_10-12-29-white.json,/home/server/wxl/hyperspctral_image/2024-06-25_10-12-29-white,
2024-06-25_10-14-36-white,1,0,1,1,0,1,1,0,5,/home/server/wxl/cinao/hsi/2024-06-25_10-14-36-white.json,/home/server/wxl/hyperspctral_image/2024-06-25_10-14-36-white,
2024-06-25_10-15-08-white,1,0,1,1,0,1,1,0,9,/home/server/wxl/cinao/hsi/2024-06-25_10-15-08-white.json,/home/server/wxl/hyperspctral_image/2024-06-25_10-15-08-white,
2024-06-25_10-16-16-white,1,1,1,0,0,1,0,1,6,/home/server/wxl/cinao/hsi/2024-06-25_10-16-16-white.json,/home/server/wxl/hyperspctral_image/2024-06-25_10-16-16-white,
2024-06-25_10-16-43-white,1,0,1,1,0,1,1,0,7,/home/server/wxl/cinao/hsi/2024-06-25_10-16-43-white.json,/home/server/wxl/hyperspctral_image/2024-06-25_10-16-43-white,
2024-06-25_10-17-37-white,1,1,1,1,0,1,1,1,6,/home/server/wxl/cinao/hsi/2024-06-25_10-17-37-white.json,/home/server/wxl/hyperspctral_image/2024-06-25_10-17-37-white,
2024-06-25_10-20-23-white,1,0,1,1,0,1,1,0,7,/home/server/wxl/cinao/hsi/2024-06-25_10-20-23-white.json,/home/server/wxl/hyperspctral_image/2024-06-25_10-20-23-white,
2024-06-26_15-57-48-white,1,1,1,1,0,1,1,1,7,/home/server/wxl/cinao/hsi/2024-06-26_15-57-48-white.json,/home/server/wxl/hyperspctral_image/2024-06-26_15-57-48-white,
2024-06-26_15-59-13-white,1,0,1,1,0,1,1,0,4,/home/server/wxl/cinao/hsi/2024-06-26_15-59-13-white.json,/home/server/wxl/hyperspctral_image/2024-06-26_15-59-13-white,
2024-06-26_16-01-55-white,1,0,1,1,0,1,1,0,5,/home/server/wxl/cinao/hsi/2024-06-26_16-01-55-white.json,/home/server/wxl/hyperspctral_image/2024-06-26_16-01-55-white,
2024-06-26_16-02-37-white,1,1,1,1,0,1,1,1,7,/home/server/wxl/cinao/hsi/2024-06-26_16-02-37-white.json,/home/server/wxl/hyperspctral_image/2024-06-26_16-02-37-white,
2024-06-26_16-03-57-white,1,0,1,1,0,1,1,0,6,/home/server/wxl/cinao/hsi/2024-06-26_16-03-57-white.json,/home/server/wxl/hyperspctral_image/2024-06-26_16-03-57-white,
2024-06-26_16-04-44-white,1,1,1,1,0,1,1,1,8,/home/server/wxl/cinao/hsi/2024-06-26_16-04-44-white.json,/home/server/wxl/hyperspctral_image/2024-06-26_16-04-44-white,
2024-06-26_16-07-11-white,1,1,1,1,0,1,1,1,7,/home/server/wxl/cinao/hsi/2024-06-26_16-07-11-white.json,/home/server/wxl/hyperspctral_image/2024-06-26_16-07-11-white,
2024-06-26_16-07-51-white,1,0,1,0,0,1,0,0,5,/home/server/wxl/cinao/hsi/2024-06-26_16-07-51-white.json,/home/server/wxl/hyperspctral_image/2024-06-26_16-07-51-white,
2024-06-26_16-11-06-white,1,1,1,1,0,1,1,1,7,/home/server/wxl/cinao/hsi/2024-06-26_16-11-06-white.json,/home/server/wxl/hyperspctral_image/2024-06-26_16-11-06-white,
2024-06-26_16-12-50-white,1,1,1,1,0,1,1,1,8,/home/server/wxl/cinao/hsi/2024-06-26_16-12-50-white.json,/home/server/wxl/hyperspctral_image/2024-06-26_16-12-50-white,
2024-07-01_14-47-04-white,1,0,1,1,0,1,1,0,6,/home/server/wxl/cinao/hsi/2024-07-01_14-47-04-white.json,/home/server/wxl/hyperspctral_image/2024-07-01_14-47-04-white,
2024-07-02_09-34-27-white,1,0,1,1,0,1,1,0,9,/home/server/wxl/cinao/hsi/2024-07-02_09-34-27-white.json,/home/server/wxl/hyperspctral_image/2024-07-02_09-34-27-white,
2024-07-04_15-43-27-white,1,1,1,1,0,1,1,1,9,/home/server/wxl/cinao/hsi/2024-07-04_15-43-27-white.json,/home/server/wxl/hyperspctral_image/2024-07-04_15-43-27-white,
2024-07-04_15-44-46-white,1,0,1,0,0,1,0,0,5,/home/server/wxl/cinao/hsi/2024-07-04_15-44-46-white.json,/home/server/wxl/hyperspctral_image/2024-07-04_15-44-46-white,
2024-07-04_15-45-39-white,1,1,1,1,0,1,1,1,7,/home/server/wxl/cinao/hsi/2024-07-04_15-45-39-white.json,/home/server/wxl/hyperspctral_image/2024-07-04_15-45-39-white,
2024-07-04_15-47-38-white,1,1,1,1,0,1,1,1,5,/home/server/wxl/cinao/hsi/2024-07-04_15-47-38-white.json,/home/server/wxl/hyperspctral_image/2024-07-04_15-47-38-white,
2024-07-04_15-49-38-white,1,1,1,1,0,1,1,1,5,/home/server/wxl/cinao/hsi/2024-07-04_15-49-38-white.json,/home/server/wxl/hyperspctral_image/2024-07-04_15-49-38-white,
2024-07-04_15-51-04-white,1,1,0,1,0,1,1,2,0,/home/server/wxl/cinao/hsi/2024-07-04_15-51-04-white.json,/home/server/wxl/hyperspctral_image/2024-07-04_15-51-04-white,
2024-07-04_15-52-05-white,1,0,1,1,0,1,1,0,6,/home/server/wxl/cinao/hsi/2024-07-04_15-52-05-white.json,/home/server/wxl/hyperspctral_image/2024-07-04_15-52-05-white,
2024-07-04_15-53-39-white,1,1,0,1,0,1,1,1,0,/home/server/wxl/cinao/hsi/2024-07-04_15-53-39-white.json,/home/server/wxl/hyperspctral_image/2024-07-04_15-53-39-white,
2024-07-04_15-55-27-white,1,1,0,1,1,1,1,1,0,/home/server/wxl/cinao/hsi/2024-07-04_15-55-27-white.json,/home/server/wxl/hyperspctral_image/2024-07-04_15-55-27-white,
2024-07-04_15-55-35-white,1,1,1,0,0,1,0,2,5,/home/server/wxl/cinao/hsi/2024-07-04_15-55-35-white.json,/home/server/wxl/hyperspctral_image/2024-07-04_15-55-35-white,
2024-07-04_15-57-10-white,1,1,1,1,0,1,1,1,6,/home/server/wxl/cinao/hsi/2024-07-04_15-57-10-white.json,/home/server/wxl/hyperspctral_image/2024-07-04_15-57-10-white,
2024-07-04_16-37-06-white,1,1,1,1,0,1,1,2,7,/home/server/wxl/cinao/hsi/2024-07-04_16-37-06-white.json,/home/server/wxl/hyperspctral_image/2024-07-04_16-37-06-white,
2024-08-13_21-05-32-white,1,1,1,1,0,1,1,1,4,/home/server/wxl/cinao/hsi/2024-08-13_21-05-32-white.json,/home/server/wxl/hyperspctral_image/2024-08-13_21-05-32-white,
2024-08-14_09-57-43-white,1,0,1,1,0,1,1,0,7,/home/server/wxl/cinao/hsi/2024-08-14_09-57-43-white.json,/home/server/wxl/hyperspctral_image/2024-08-14_09-57-43-white,
2024-08-14_10-13-07-white,1,1,1,1,0,1,1,2,6,/home/server/wxl/cinao/hsi/2024-08-14_10-13-07-white.json,/home/server/wxl/hyperspctral_image/2024-08-14_10-13-07-white,
2024-08-14_10-17-25-white,1,1,1,1,0,1,1,2,4,/home/server/wxl/cinao/hsi/2024-08-14_10-17-25-white.json,/home/server/wxl/hyperspctral_image/2024-08-14_10-17-25-white,
2024-08-14_10-43-38-white,1,1,1,1,0,1,1,3,3,/home/server/wxl/cinao/hsi/2024-08-14_10-43-38-white.json,/home/server/wxl/hyperspctral_image/2024-08-14_10-43-38-white,
2024-08-14_11-21-58-white,1,0,1,1,0,1,1,0,7,/home/server/wxl/cinao/hsi/2024-08-14_11-21-58-white.json,/home/server/wxl/hyperspctral_image/2024-08-14_11-21-58-white,
2024-08-14_13-17-18-white,1,1,1,1,0,1,1,1,6,/home/server/wxl/cinao/hsi/2024-08-14_13-17-18-white.json,/home/server/wxl/hyperspctral_image/2024-08-14_13-17-18-white,
2024-08-14_13-52-13-white,1,1,1,1,0,1,1,1,2,/home/server/wxl/cinao/hsi/2024-08-14_13-52-13-white.json,/home/server/wxl/hyperspctral_image/2024-08-14_13-52-13-white,
2024-08-14_13-57-07-white,1,1,0,1,0,1,1,1,0,/home/server/wxl/cinao/hsi/2024-08-14_13-57-07-white.json,/home/server/wxl/hyperspctral_image/2024-08-14_13-57-07-white,
2024-08-14_14-05-51-white,1,1,1,1,0,1,1,1,3,/home/server/wxl/cinao/hsi/2024-08-14_14-05-51-white.json,/home/server/wxl/hyperspctral_image/2024-08-14_14-05-51-white,
2024-08-14_15-35-26-white,0,1,1,1,0,0,1,1,3,/home/server/wxl/cinao/hsi/2024-08-14_15-35-26-white.json,/home/server/wxl/hyperspctral_image/2024-08-14_15-35-26-white,
2024-08-14_15-54-11-white,1,1,1,1,0,1,2,1,6,/home/server/wxl/cinao/hsi/2024-08-14_15-54-11-white.json,/home/server/wxl/hyperspctral_image/2024-08-14_15-54-11-white,
2024-08-16_11-03-13-white,1,1,1,0,0,1,0,1,5,/home/server/wxl/cinao/hsi/2024-08-16_11-03-13-white.json,/home/server/wxl/hyperspctral_image/2024-08-16_11-03-13-white,
2024-08-23_09-36-29-white,0,1,1,1,0,0,1,1,4,/home/server/wxl/cinao/hsi/2024-08-23_09-36-29-white.json,/home/server/wxl/hyperspctral_image/2024-08-23_09-36-29-white,
2024-08-23_09-44-24-white,1,1,1,1,0,1,1,1,6,/home/server/wxl/cinao/hsi/2024-08-23_09-44-24-white.json,/home/server/wxl/hyperspctral_image/2024-08-23_09-44-24-white,
2024-08-23_10-01-21-white,1,1,1,1,0,1,1,1,6,/home/server/wxl/cinao/hsi/2024-08-23_10-01-21-white.json,/home/server/wxl/hyperspctral_image/2024-08-23_10-01-21-white,
2024-08-23_10-17-56-white,1,1,1,1,0,1,1,1,6,/home/server/wxl/cinao/hsi/2024-08-23_10-17-56-white.json,/home/server/wxl/hyperspctral_image/2024-08-23_10-17-56-white,
2024-08-23_10-26-16-white,1,1,1,1,0,1,1,1,7,/home/server/wxl/cinao/hsi/2024-08-23_10-26-16-white.json,/home/server/wxl/hyperspctral_image/2024-08-23_10-26-16-white,
2024-08-23_10-30-42-white,1,1,1,1,0,1,1,1,8,/home/server/wxl/cinao/hsi/2024-08-23_10-30-42-white.json,/home/server/wxl/hyperspctral_image/2024-08-23_10-30-42-white,
2024-08-23_10-42-20-white,1,1,1,1,0,1,1,1,7,/home/server/wxl/cinao/hsi/2024-08-23_10-42-20-white.json,/home/server/wxl/hyperspctral_image/2024-08-23_10-42-20-white,
2024-08-23_10-48-33-white,0,0,1,1,0,0,1,0,5,/home/server/wxl/cinao/hsi/2024-08-23_10-48-33-white.json,/home/server/wxl/hyperspctral_image/2024-08-23_10-48-33-white,
2024-08-23_10-57-55-white,1,1,1,1,0,1,1,2,4,/home/server/wxl/cinao/hsi/2024-08-23_10-57-55-white.json,/home/server/wxl/hyperspctral_image/2024-08-23_10-57-55-white,
2024-08-23_11-01-48-white,1,0,1,1,0,1,1,0,6,/home/server/wxl/cinao/hsi/2024-08-23_11-01-48-white.json,/home/server/wxl/hyperspctral_image/2024-08-23_11-01-48-white,
2024-08-23_11-10-13-white,1,0,1,1,0,1,1,0,7,/home/server/wxl/cinao/hsi/2024-08-23_11-10-13-white.json,/home/server/wxl/hyperspctral_image/2024-08-23_11-10-13-white,
2024-08-23_11-12-31-white,1,1,1,1,0,1,1,1,8,/home/server/wxl/cinao/hsi/2024-08-23_11-12-31-white.json,/home/server/wxl/hyperspctral_image/2024-08-23_11-12-31-white,
2024-08-23_11-21-56-white,1,0,1,1,0,1,1,0,6,/home/server/wxl/cinao/hsi/2024-08-23_11-21-56-white.json,/home/server/wxl/hyperspctral_image/2024-08-23_11-21-56-white,
2024-08-25_14-22-12-white,1,1,1,1,0,1,1,1,6,/home/server/wxl/cinao/hsi/2024-08-25_14-22-12-white.json,/home/server/wxl/hyperspctral_image/2024-08-25_14-22-12-white,
2024-08-25_14-34-39-white,1,1,1,1,0,1,1,1,7,/home/server/wxl/cinao/hsi/2024-08-25_14-34-39-white.json,/home/server/wxl/hyperspctral_image/2024-08-25_14-34-39-white,
2024-08-25_14-43-43-white,0,0,1,1,0,0,1,0,4,/home/server/wxl/cinao/hsi/2024-08-25_14-43-43-white.json,/home/server/wxl/hyperspctral_image/2024-08-25_14-43-43-white,
2024-08-25_14-55-31-white,1,1,1,1,0,1,1,1,8,/home/server/wxl/cinao/hsi/2024-08-25_14-55-31-white.json,/home/server/wxl/hyperspctral_image/2024-08-25_14-55-31-white,
2024-08-25_15-19-44-white,1,0,1,1,0,1,1,0,6,/home/server/wxl/cinao/hsi/2024-08-25_15-19-44-white.json,/home/server/wxl/hyperspctral_image/2024-08-25_15-19-44-white,
2024-08-25_15-29-01-white,1,0,1,1,0,1,1,0,6,/home/server/wxl/cinao/hsi/2024-08-25_15-29-01-white.json,/home/server/wxl/hyperspctral_image/2024-08-25_15-29-01-white,
2024-08-25_15-45-28-white,1,1,1,1,0,1,1,1,6,/home/server/wxl/cinao/hsi/2024-08-25_15-45-28-white.json,/home/server/wxl/hyperspctral_image/2024-08-25_15-45-28-white,
2024-08-25_15-54-11-white,1,1,1,1,0,1,1,1,7,/home/server/wxl/cinao/hsi/2024-08-25_15-54-11-white.json,/home/server/wxl/hyperspctral_image/2024-08-25_15-54-11-white,
2024-08-25_15-59-54-white,1,1,1,1,0,1,1,1,5,/home/server/wxl/cinao/hsi/2024-08-25_15-59-54-white.json,/home/server/wxl/hyperspctral_image/2024-08-25_15-59-54-white,
2024-08-25_16-13-33-white,1,0,1,1,0,1,1,0,6,/home/server/wxl/cinao/hsi/2024-08-25_16-13-33-white.json,/home/server/wxl/hyperspctral_image/2024-08-25_16-13-33-white,
2024-08-25_16-29-19-white,1,0,1,1,0,1,1,0,5,/home/server/wxl/cinao/hsi/2024-08-25_16-29-19-white.json,/home/server/wxl/hyperspctral_image/2024-08-25_16-29-19-white,
2024-08-26_15-14-11-white,1,0,1,1,0,1,1,0,7,/home/server/wxl/cinao/hsi/2024-08-26_15-14-11-white.json,/home/server/wxl/hyperspctral_image/2024-08-26_15-14-11-white,
2024-08-26_15-19-01-white,0,0,1,1,0,0,1,0,8,/home/server/wxl/cinao/hsi/2024-08-26_15-19-01-white.json,/home/server/wxl/hyperspctral_image/2024-08-26_15-19-01-white,
2024-08-26_15-31-38-white,1,1,1,1,0,1,2,1,9,/home/server/wxl/cinao/hsi/2024-08-26_15-31-38-white.json,/home/server/wxl/hyperspctral_image/2024-08-26_15-31-38-white,
2024-08-26_15-43-28-white,1,0,1,1,0,1,1,0,7,/home/server/wxl/cinao/hsi/2024-08-26_15-43-28-white.json,/home/server/wxl/hyperspctral_image/2024-08-26_15-43-28-white,
2024-08-26_15-46-34-white,1,1,1,1,0,1,1,2,7,/home/server/wxl/cinao/hsi/2024-08-26_15-46-34-white.json,/home/server/wxl/hyperspctral_image/2024-08-26_15-46-34-white,
2024-08-26_16-00-18-white,1,1,1,1,0,1,1,6,8,/home/server/wxl/cinao/hsi/2024-08-26_16-00-18-white.json,/home/server/wxl/hyperspctral_image/2024-08-26_16-00-18-white,
2024-08-26_16-19-06-white,1,0,1,1,0,1,1,0,9,/home/server/wxl/cinao/hsi/2024-08-26_16-19-06-white.json,/home/server/wxl/hyperspctral_image/2024-08-26_16-19-06-white,
2024-08-26_16-27-13-white,1,1,1,1,0,1,1,3,7,/home/server/wxl/cinao/hsi/2024-08-26_16-27-13-white.json,/home/server/wxl/hyperspctral_image/2024-08-26_16-27-13-white,
2024-08-26_16-32-45-white,1,1,1,1,0,1,1,1,3,/home/server/wxl/cinao/hsi/2024-08-26_16-32-45-white.json,/home/server/wxl/hyperspctral_image/2024-08-26_16-32-45-white,
2024-08-26_16-38-26-white,1,1,1,1,0,1,1,1,7,/home/server/wxl/cinao/hsi/2024-08-26_16-38-26-white.json,/home/server/wxl/hyperspctral_image/2024-08-26_16-38-26-white,
2024-08-26_16-47-40-white,1,1,0,1,0,1,1,1,0,/home/server/wxl/cinao/hsi/2024-08-26_16-47-40-white.json,/home/server/wxl/hyperspctral_image/2024-08-26_16-47-40-white,
2024-08-26_16-58-22-white,1,0,1,1,0,1,1,0,8,/home/server/wxl/cinao/hsi/2024-08-26_16-58-22-white.json,/home/server/wxl/hyperspctral_image/2024-08-26_16-58-22-white,
2024-08-27_15-58-30-white,1,0,1,1,0,1,1,0,8,/home/server/wxl/cinao/hsi/2024-08-27_15-58-30-white.json,/home/server/wxl/hyperspctral_image/2024-08-27_15-58-30-white,
2024-08-27_16-32-51-white,1,0,1,1,0,1,1,0,5,/home/server/wxl/cinao/hsi/2024-08-27_16-32-51-white.json,/home/server/wxl/hyperspctral_image/2024-08-27_16-32-51-white,
2024-08-27_16-46-36-white,1,1,1,1,0,1,1,3,11,/home/server/wxl/cinao/hsi/2024-08-27_16-46-36-white.json,/home/server/wxl/hyperspctral_image/2024-08-27_16-46-36-white,
2024-08-27_16-59-00-white,1,1,1,1,0,1,1,1,7,/home/server/wxl/cinao/hsi/2024-08-27_16-59-00-white.json,/home/server/wxl/hyperspctral_image/2024-08-27_16-59-00-white,
2024-08-28_15-33-23-white,1,1,1,1,0,1,1,2,5,/home/server/wxl/cinao/hsi/2024-08-28_15-33-23-white.json,/home/server/wxl/hyperspctral_image/2024-08-28_15-33-23-white,
2024-08-28_15-40-05-white,1,1,1,1,0,1,1,1,7,/home/server/wxl/cinao/hsi/2024-08-28_15-40-05-white.json,/home/server/wxl/hyperspctral_image/2024-08-28_15-40-05-white,
2024-08-28_15-45-27-white,1,1,1,1,0,1,1,1,9,/home/server/wxl/cinao/hsi/2024-08-28_15-45-27-white.json,/home/server/wxl/hyperspctral_image/2024-08-28_15-45-27-white,
2024-08-28_15-49-25-white,1,1,1,1,0,1,1,1,10,/home/server/wxl/cinao/hsi/2024-08-28_15-49-25-white.json,/home/server/wxl/hyperspctral_image/2024-08-28_15-49-25-white,
2024-08-28_16-05-31-white,1,0,1,1,0,1,1,0,7,/home/server/wxl/cinao/hsi/2024-08-28_16-05-31-white.json,/home/server/wxl/hyperspctral_image/2024-08-28_16-05-31-white,
2024-08-28_16-08-31-white,1,0,0,1,0,1,1,0,0,/home/server/wxl/cinao/hsi/2024-08-28_16-08-31-white.json,/home/server/wxl/hyperspctral_image/2024-08-28_16-08-31-white,
2024-08-28_16-13-44-white,1,0,1,1,0,1,1,0,6,/home/server/wxl/cinao/hsi/2024-08-28_16-13-44-white.json,/home/server/wxl/hyperspctral_image/2024-08-28_16-13-44-white,
2024-08-28_16-22-42-white,1,1,1,1,0,1,1,1,4,/home/server/wxl/cinao/hsi/2024-08-28_16-22-42-white.json,/home/server/wxl/hyperspctral_image/2024-08-28_16-22-42-white,
2024-08-28_16-29-14-white,1,0,1,1,0,1,1,0,6,/home/server/wxl/cinao/hsi/2024-08-28_16-29-14-white.json,/home/server/wxl/hyperspctral_image/2024-08-28_16-29-14-white,
2024-08-28_16-37-01-white,1,1,1,1,0,1,1,3,6,/home/server/wxl/cinao/hsi/2024-08-28_16-37-01-white.json,/home/server/wxl/hyperspctral_image/2024-08-28_16-37-01-white,
2024-08-28_17-00-54-white,1,1,1,1,0,1,1,1,8,/home/server/wxl/cinao/hsi/2024-08-28_17-00-54-white.json,/home/server/wxl/hyperspctral_image/2024-08-28_17-00-54-white,
2024-08-28_17-21-33-white,1,0,1,1,0,1,1,0,5,/home/server/wxl/cinao/hsi/2024-08-28_17-21-33-white.json,/home/server/wxl/hyperspctral_image/2024-08-28_17-21-33-white,
2024-09-02_15-11-11-white,1,1,1,1,0,1,1,1,7,/home/server/wxl/cinao/hsi/2024-09-02_15-11-11-white.json,/home/server/wxl/hyperspctral_image/2024-09-02_15-11-11-white,
2024-09-02_15-18-21-white,1,1,1,1,0,1,1,1,7,/home/server/wxl/cinao/hsi/2024-09-02_15-18-21-white.json,/home/server/wxl/hyperspctral_image/2024-09-02_15-18-21-white,
2024-09-02_15-35-12-white,1,0,1,1,0,1,1,0,6,/home/server/wxl/cinao/hsi/2024-09-02_15-35-12-white.json,/home/server/wxl/hyperspctral_image/2024-09-02_15-35-12-white,
2024-09-02_15-52-47-white,1,0,1,1,0,1,1,0,5,/home/server/wxl/cinao/hsi/2024-09-02_15-52-47-white.json,/home/server/wxl/hyperspctral_image/2024-09-02_15-52-47-white,
2024-09-02_16-12-32-white,1,0,1,1,0,1,1,0,8,/home/server/wxl/cinao/hsi/2024-09-02_16-12-32-white.json,/home/server/wxl/hyperspctral_image/2024-09-02_16-12-32-white,
2024-09-02_16-39-06-white,1,1,1,1,0,1,1,1,8,/home/server/wxl/cinao/hsi/2024-09-02_16-39-06-white.json,/home/server/wxl/hyperspctral_image/2024-09-02_16-39-06-white,
2024-09-02_17-09-38-white,1,0,1,1,0,1,1,0,6,/home/server/wxl/cinao/hsi/2024-09-02_17-09-38-white.json,/home/server/wxl/hyperspctral_image/2024-09-02_17-09-38-white,
2024-09-02_17-18-18-white,1,1,1,1,0,1,1,2,7,/home/server/wxl/cinao/hsi/2024-09-02_17-18-18-white.json,/home/server/wxl/hyperspctral_image/2024-09-02_17-18-18-white,
2024-09-02_17-28-46-white,1,0,1,1,0,1,3,0,7,/home/server/wxl/cinao/hsi/2024-09-02_17-28-46-white.json,/home/server/wxl/hyperspctral_image/2024-09-02_17-28-46-white,
2024-09-08_23-12-52-white,1,1,1,1,0,1,1,1,8,/home/server/wxl/cinao/hsi/2024-09-08_23-12-52-white.json,/home/server/wxl/hyperspctral_image/2024-09-08_23-12-52-white,
2024-09-13_10-26-36-white,1,1,1,1,0,1,1,1,5,/home/server/wxl/cinao/hsi/2024-09-13_10-26-36-white.json,/home/server/wxl/hyperspctral_image/2024-09-13_10-26-36-white,
2024-09-14_07-50-45-white,1,1,1,1,0,1,1,1,6,/home/server/wxl/cinao/hsi/2024-09-14_07-50-45-white.json,/home/server/wxl/hyperspctral_image/2024-09-14_07-50-45-white,
2024-09-14_08-12-20-white,1,1,0,1,0,1,1,2,0,/home/server/wxl/cinao/hsi/2024-09-14_08-12-20-white.json,/home/server/wxl/hyperspctral_image/2024-09-14_08-12-20-white,
2024-09-14_08-28-02-white,1,1,0,1,0,1,1,1,0,/home/server/wxl/cinao/hsi/2024-09-14_08-28-02-white.json,/home/server/wxl/hyperspctral_image/2024-09-14_08-28-02-white,
2024-09-14_08-35-06-white,1,0,1,1,0,1,1,0,6,/home/server/wxl/cinao/hsi/2024-09-14_08-35-06-white.json,/home/server/wxl/hyperspctral_image/2024-09-14_08-35-06-white,
2024-09-14_08-42-43-white,1,1,1,1,0,1,1,1,8,/home/server/wxl/cinao/hsi/2024-09-14_08-42-43-white.json,/home/server/wxl/hyperspctral_image/2024-09-14_08-42-43-white,
2024-09-14_08-50-40-white,1,0,1,1,0,1,1,0,4,/home/server/wxl/cinao/hsi/2024-09-14_08-50-40-white.json,/home/server/wxl/hyperspctral_image/2024-09-14_08-50-40-white,
2024-09-14_08-55-14-white,1,0,1,1,0,1,1,0,8,/home/server/wxl/cinao/hsi/2024-09-14_08-55-14-white.json,/home/server/wxl/hyperspctral_image/2024-09-14_08-55-14-white,
2024-09-14_09-11-11-white,1,1,1,1,0,1,1,1,8,/home/server/wxl/cinao/hsi/2024-09-14_09-11-11-white.json,/home/server/wxl/hyperspctral_image/2024-09-14_09-11-11-white,
2024-09-14_09-23-36-white,1,1,1,1,0,1,1,1,6,/home/server/wxl/cinao/hsi/2024-09-14_09-23-36-white.json,/home/server/wxl/hyperspctral_image/2024-09-14_09-23-36-white,
2024-09-14_09-42-20-white,1,0,1,1,0,1,1,0,4,/home/server/wxl/cinao/hsi/2024-09-14_09-42-20-white.json,/home/server/wxl/hyperspctral_image/2024-09-14_09-42-20-white,
2024-09-14_09-50-10-white,1,0,1,1,0,1,1,0,11,/home/server/wxl/cinao/hsi/2024-09-14_09-50-10-white.json,/home/server/wxl/hyperspctral_image/2024-09-14_09-50-10-white,
2024-09-14_10-05-06-white,1,1,0,1,0,1,1,1,0,/home/server/wxl/cinao/hsi/2024-09-14_10-05-06-white.json,/home/server/wxl/hyperspctral_image/2024-09-14_10-05-06-white,
2024-09-14_10-11-01-white,1,0,1,1,0,1,1,0,6,/home/server/wxl/cinao/hsi/2024-09-14_10-11-01-white.json,/home/server/wxl/hyperspctral_image/2024-09-14_10-11-01-white,
2024-09-14_10-23-20-white,1,1,0,1,0,1,1,2,0,/home/server/wxl/cinao/hsi/2024-09-14_10-23-20-white.json,/home/server/wxl/hyperspctral_image/2024-09-14_10-23-20-white,
2024-09-14_10-33-59-white,0,1,1,1,0,0,1,2,4,/home/server/wxl/cinao/hsi/2024-09-14_10-33-59-white.json,/home/server/wxl/hyperspctral_image/2024-09-14_10-33-59-white,
2024-09-14_10-42-21-white,1,0,1,0,0,1,0,0,3,/home/server/wxl/cinao/hsi/2024-09-14_10-42-21-white.json,/home/server/wxl/hyperspctral_image/2024-09-14_10-42-21-white,
2024-09-14_10-48-29-white,0,1,1,1,0,0,1,1,7,/home/server/wxl/cinao/hsi/2024-09-14_10-48-29-white.json,/home/server/wxl/hyperspctral_image/2024-09-14_10-48-29-white,
2024-09-14_10-59-13-white,1,1,0,1,0,1,1,2,0,/home/server/wxl/cinao/hsi/2024-09-14_10-59-13-white.json,/home/server/wxl/hyperspctral_image/2024-09-14_10-59-13-white,
2024-09-14_11-17-55-white,1,1,1,1,0,1,1,1,5,/home/server/wxl/cinao/hsi/2024-09-14_11-17-55-white.json,/home/server/wxl/hyperspctral_image/2024-09-14_11-17-55-white,
2024-09-14_11-22-25-white,1,1,1,1,0,1,1,3,9,/home/server/wxl/cinao/hsi/2024-09-14_11-22-25-white.json,/home/server/wxl/hyperspctral_image/2024-09-14_11-22-25-white,
2024-09-14_11-28-55-white,1,0,1,1,0,1,1,0,8,/home/server/wxl/cinao/hsi/2024-09-14_11-28-55-white.json,/home/server/wxl/hyperspctral_image/2024-09-14_11-28-55-white,
2024-09-14_11-38-43-white,1,1,1,1,0,1,1,1,9,/home/server/wxl/cinao/hsi/2024-09-14_11-38-43-white.json,/home/server/wxl/hyperspctral_image/2024-09-14_11-38-43-white,
2024-09-14_11-46-48-white,1,1,1,1,0,1,1,1,5,/home/server/wxl/cinao/hsi/2024-09-14_11-46-48-white.json,/home/server/wxl/hyperspctral_image/2024-09-14_11-46-48-white,
2024-09-14_11-52-51-white,1,0,1,1,0,1,1,0,8,/home/server/wxl/cinao/hsi/2024-09-14_11-52-51-white.json,/home/server/wxl/hyperspctral_image/2024-09-14_11-52-51-white,
2024-09-14_12-00-09-white,1,1,0,1,0,1,1,2,0,/home/server/wxl/cinao/hsi/2024-09-14_12-00-09-white.json,/home/server/wxl/hyperspctral_image/2024-09-14_12-00-09-white,
2024-09-19_13-52-54-white,1,0,1,1,0,1,1,0,3,/home/server/wxl/cinao/hsi/2024-09-19_13-52-54-white.json,/home/server/wxl/hyperspctral_image/2024-09-19_13-52-54-white,
2024-09-19_14-04-26-white,1,0,1,1,0,1,1,0,7,/home/server/wxl/cinao/hsi/2024-09-19_14-04-26-white.json,/home/server/wxl/hyperspctral_image/2024-09-19_14-04-26-white,
2024-09-19_14-38-22-white,1,0,1,1,0,1,1,0,9,/home/server/wxl/cinao/hsi/2024-09-19_14-38-22-white.json,/home/server/wxl/hyperspctral_image/2024-09-19_14-38-22-white,
2024-09-19_14-44-59-white,1,1,1,1,0,1,1,1,5,/home/server/wxl/cinao/hsi/2024-09-19_14-44-59-white.json,/home/server/wxl/hyperspctral_image/2024-09-19_14-44-59-white,
2024-09-19_15-01-23-white,1,1,1,1,0,1,1,1,8,/home/server/wxl/cinao/hsi/2024-09-19_15-01-23-white.json,/home/server/wxl/hyperspctral_image/2024-09-19_15-01-23-white,
2024-09-23_08-22-36-white,1,1,1,1,0,1,1,1,6,/home/server/wxl/cinao/hsi/2024-09-23_08-22-36-white.json,/home/server/wxl/hyperspctral_image/2024-09-23_08-22-36-white,
2024-09-23_08-37-30-white,1,0,1,1,0,1,1,0,8,/home/server/wxl/cinao/hsi/2024-09-23_08-37-30-white.json,/home/server/wxl/hyperspctral_image/2024-09-23_08-37-30-white,
2024-09-23_08-43-49-white,1,1,1,1,0,1,1,2,4,/home/server/wxl/cinao/hsi/2024-09-23_08-43-49-white.json,/home/server/wxl/hyperspctral_image/2024-09-23_08-43-49-white,
2024-09-23_08-51-57-white,1,0,1,1,0,1,1,0,8,/home/server/wxl/cinao/hsi/2024-09-23_08-51-57-white.json,/home/server/wxl/hyperspctral_image/2024-09-23_08-51-57-white,
2024-09-23_09-01-45-white,1,1,1,1,0,1,1,3,9,/home/server/wxl/cinao/hsi/2024-09-23_09-01-45-white.json,/home/server/wxl/hyperspctral_image/2024-09-23_09-01-45-white,
2024-09-23_09-08-45-white,1,0,1,1,0,1,1,0,6,/home/server/wxl/cinao/hsi/2024-09-23_09-08-45-white.json,/home/server/wxl/hyperspctral_image/2024-09-23_09-08-45-white,
2024-09-23_09-20-54-white,1,1,1,1,0,1,1,1,4,/home/server/wxl/cinao/hsi/2024-09-23_09-20-54-white.json,/home/server/wxl/hyperspctral_image/2024-09-23_09-20-54-white,
2024-09-23_09-29-45-white,1,0,1,1,0,1,1,0,5,/home/server/wxl/cinao/hsi/2024-09-23_09-29-45-white.json,/home/server/wxl/hyperspctral_image/2024-09-23_09-29-45-white,
2024-09-23_09-56-38-white,1,1,1,1,0,1,1,1,6,/home/server/wxl/cinao/hsi/2024-09-23_09-56-38-white.json,/home/server/wxl/hyperspctral_image/2024-09-23_09-56-38-white,
2024-09-23_10-19-59-white,1,1,1,1,0,1,1,1,7,/home/server/wxl/cinao/hsi/2024-09-23_10-19-59-white.json,/home/server/wxl/hyperspctral_image/2024-09-23_10-19-59-white,
2024-09-23_10-34-58-white,1,1,1,1,0,1,1,3,8,/home/server/wxl/cinao/hsi/2024-09-23_10-34-58-white.json,/home/server/wxl/hyperspctral_image/2024-09-23_10-34-58-white,
2024-09-23_10-57-54-white,1,0,1,1,0,1,1,0,8,/home/server/wxl/cinao/hsi/2024-09-23_10-57-54-white.json,/home/server/wxl/hyperspctral_image/2024-09-23_10-57-54-white,
2024-09-23_11-11-18-white,1,1,1,1,0,1,1,1,5,/home/server/wxl/cinao/hsi/2024-09-23_11-11-18-white.json,/home/server/wxl/hyperspctral_image/2024-09-23_11-11-18-white,
2024-09-23_11-16-52-white,1,1,1,1,0,1,1,1,9,/home/server/wxl/cinao/hsi/2024-09-23_11-16-52-white.json,/home/server/wxl/hyperspctral_image/2024-09-23_11-16-52-white,
2024-09-23_11-29-48-white,1,0,1,1,0,1,1,0,2,/home/server/wxl/cinao/hsi/2024-09-23_11-29-48-white.json,/home/server/wxl/hyperspctral_image/2024-09-23_11-29-48-white,
2024-09-23_11-35-14-white,1,0,1,1,0,1,1,0,4,/home/server/wxl/cinao/hsi/2024-09-23_11-35-14-white.json,/home/server/wxl/hyperspctral_image/2024-09-23_11-35-14-white,
2024-09-23_11-41-07-white,0,1,0,1,0,0,1,1,0,/home/server/wxl/cinao/hsi/2024-09-23_11-41-07-white.json,/home/server/wxl/hyperspctral_image/2024-09-23_11-41-07-white,
2024-09-26_13-31-13-white,1,1,0,1,0,1,1,1,0,/home/server/wxl/cinao/hsi/2024-09-26_13-31-13-white.json,/home/server/wxl/hyperspctral_image/2024-09-26_13-31-13-white,
2024-09-26_13-40-21-white,1,0,1,1,0,1,1,0,7,/home/server/wxl/cinao/hsi/2024-09-26_13-40-21-white.json,/home/server/wxl/hyperspctral_image/2024-09-26_13-40-21-white,
2024-09-26_13-50-40-white,1,1,0,1,0,1,1,1,0,/home/server/wxl/cinao/hsi/2024-09-26_13-50-40-white.json,/home/server/wxl/hyperspctral_image/2024-09-26_13-50-40-white,
2024-09-26_14-01-38-white,1,1,1,1,0,1,1,1,6,/home/server/wxl/cinao/hsi/2024-09-26_14-01-38-white.json,/home/server/wxl/hyperspctral_image/2024-09-26_14-01-38-white,
2024-09-26_14-21-54-white,1,1,1,1,0,1,1,1,5,/home/server/wxl/cinao/hsi/2024-09-26_14-21-54-white.json,/home/server/wxl/hyperspctral_image/2024-09-26_14-21-54-white,
2024-09-26_14-42-17-white,1,1,1,1,0,1,1,2,6,/home/server/wxl/cinao/hsi/2024-09-26_14-42-17-white.json,/home/server/wxl/hyperspctral_image/2024-09-26_14-42-17-white,
2024-09-26_14-53-56-white,1,1,1,1,0,1,1,1,6,/home/server/wxl/cinao/hsi/2024-09-26_14-53-56-white.json,/home/server/wxl/hyperspctral_image/2024-09-26_14-53-56-white,
2024-09-26_15-05-20-white,1,1,1,1,0,1,1,1,7,/home/server/wxl/cinao/hsi/2024-09-26_15-05-20-white.json,/home/server/wxl/hyperspctral_image/2024-09-26_15-05-20-white,
2024-09-26_15-09-51-white,1,1,1,1,0,1,1,1,6,/home/server/wxl/cinao/hsi/2024-09-26_15-09-51-white.json,/home/server/wxl/hyperspctral_image/2024-09-26_15-09-51-white,
2024-09-26_15-27-51-white,1,0,1,1,0,1,1,0,7,/home/server/wxl/cinao/hsi/2024-09-26_15-27-51-white.json,/home/server/wxl/hyperspctral_image/2024-09-26_15-27-51-white,
2024-09-26_15-34-06-white,1,1,1,1,0,1,1,3,7,/home/server/wxl/cinao/hsi/2024-09-26_15-34-06-white.json,/home/server/wxl/hyperspctral_image/2024-09-26_15-34-06-white,
2024-09-26_15-42-22-white,1,1,1,1,0,1,1,1,7,/home/server/wxl/cinao/hsi/2024-09-26_15-42-22-white.json,/home/server/wxl/hyperspctral_image/2024-09-26_15-42-22-white,
2024-09-26_15-51-03-white,1,1,1,1,0,1,1,1,8,/home/server/wxl/cinao/hsi/2024-09-26_15-51-03-white.json,/home/server/wxl/hyperspctral_image/2024-09-26_15-51-03-white,
2024-09-26_16-21-23-white,1,1,1,1,0,1,1,1,8,/home/server/wxl/cinao/hsi/2024-09-26_16-21-23-white.json,/home/server/wxl/hyperspctral_image/2024-09-26_16-21-23-white,
2024-09-26_16-38-59-white,1,0,1,1,0,1,1,0,3,/home/server/wxl/cinao/hsi/2024-09-26_16-38-59-white.json,/home/server/wxl/hyperspctral_image/2024-09-26_16-38-59-white,
2024-09-27_14-03-22-white,1,1,1,1,0,1,1,1,7,/home/server/wxl/cinao/hsi/2024-09-27_14-03-22-white.json,/home/server/wxl/hyperspctral_image/2024-09-27_14-03-22-white,
2024-09-27_14-36-31-white,1,1,1,1,0,1,1,1,2,/home/server/wxl/cinao/hsi/2024-09-27_14-36-31-white.json,/home/server/wxl/hyperspctral_image/2024-09-27_14-36-31-white,
2024-09-27_14-43-06-white,1,1,1,1,0,1,1,2,9,/home/server/wxl/cinao/hsi/2024-09-27_14-43-06-white.json,/home/server/wxl/hyperspctral_image/2024-09-27_14-43-06-white,
2024-09-27_14-50-54-white,1,1,1,1,0,1,1,1,5,/home/server/wxl/cinao/hsi/2024-09-27_14-50-54-white.json,/home/server/wxl/hyperspctral_image/2024-09-27_14-50-54-white,
2024-09-27_14-56-55-white,1,0,1,1,0,1,1,0,7,/home/server/wxl/cinao/hsi/2024-09-27_14-56-55-white.json,/home/server/wxl/hyperspctral_image/2024-09-27_14-56-55-white,
2024-09-27_15-35-40-white,1,0,0,1,0,1,1,0,0,/home/server/wxl/cinao/hsi/2024-09-27_15-35-40-white.json,/home/server/wxl/hyperspctral_image/2024-09-27_15-35-40-white,
2024-09-27_15-53-22-white,1,0,1,1,0,1,1,0,8,/home/server/wxl/cinao/hsi/2024-09-27_15-53-22-white.json,/home/server/wxl/hyperspctral_image/2024-09-27_15-53-22-white,
2024-09-27_16-01-31-white,0,1,1,1,0,0,1,1,2,/home/server/wxl/cinao/hsi/2024-09-27_16-01-31-white.json,/home/server/wxl/hyperspctral_image/2024-09-27_16-01-31-white,
2024-09-27_16-18-34-white,1,1,1,1,0,1,1,1,5,/home/server/wxl/cinao/hsi/2024-09-27_16-18-34-white.json,/home/server/wxl/hyperspctral_image/2024-09-27_16-18-34-white,
2024-09-27_17-02-48-white,1,1,1,1,0,1,1,1,6,/home/server/wxl/cinao/hsi/2024-09-27_17-02-48-white.json,/home/server/wxl/hyperspctral_image/2024-09-27_17-02-48-white,
2024-09-27_17-17-55-white,1,1,1,1,0,1,1,1,6,/home/server/wxl/cinao/hsi/2024-09-27_17-17-55-white.json,/home/server/wxl/hyperspctral_image/2024-09-27_17-17-55-white,
2024-09-27_17-24-41-white,1,0,0,0,0,1,0,0,0,/home/server/wxl/cinao/hsi/2024-09-27_17-24-41-white.json,/home/server/wxl/hyperspctral_image/2024-09-27_17-24-41-white,
2024-10-08_07-59-58-white,1,1,1,1,0,1,1,1,2,/home/server/wxl/cinao/hsi/2024-10-08_07-59-58-white.json,/home/server/wxl/hyperspctral_image/2024-10-08_07-59-58-white,
2024-10-08_08-06-18-white,1,0,1,1,0,1,1,0,3,/home/server/wxl/cinao/hsi/2024-10-08_08-06-18-white.json,/home/server/wxl/hyperspctral_image/2024-10-08_08-06-18-white,
2024-10-08_09-09-29-white,1,1,1,0,0,1,0,2,7,/home/server/wxl/cinao/hsi/2024-10-08_09-09-29-white.json,/home/server/wxl/hyperspctral_image/2024-10-08_09-09-29-white,
2024-10-08_10-44-37-white,1,1,1,1,0,1,1,1,3,/home/server/wxl/cinao/hsi/2024-10-08_10-44-37-white.json,/home/server/wxl/hyperspctral_image/2024-10-08_10-44-37-white,
2024-10-08_11-06-46-white,1,1,0,1,0,1,1,1,0,/home/server/wxl/cinao/hsi/2024-10-08_11-06-46-white.json,/home/server/wxl/hyperspctral_image/2024-10-08_11-06-46-white,
2024-10-09_08-08-57-white,1,0,1,1,0,1,1,0,8,/home/server/wxl/cinao/hsi/2024-10-09_08-08-57-white.json,/home/server/wxl/hyperspctral_image/2024-10-09_08-08-57-white,
2024-10-09_08-13-25-white,1,1,1,1,0,1,1,1,3,/home/server/wxl/cinao/hsi/2024-10-09_08-13-25-white.json,/home/server/wxl/hyperspctral_image/2024-10-09_08-13-25-white,
2024-10-09_08-17-44-white,1,0,1,1,0,1,1,0,7,/home/server/wxl/cinao/hsi/2024-10-09_08-17-44-white.json,/home/server/wxl/hyperspctral_image/2024-10-09_08-17-44-white,
2024-10-09_08-24-08-white,1,1,1,1,0,1,1,1,12,/home/server/wxl/cinao/hsi/2024-10-09_08-24-08-white.json,/home/server/wxl/hyperspctral_image/2024-10-09_08-24-08-white,
2024-10-09_08-29-32-white,1,0,1,1,0,1,1,0,9,/home/server/wxl/cinao/hsi/2024-10-09_08-29-32-white.json,/home/server/wxl/hyperspctral_image/2024-10-09_08-29-32-white,
2024-10-09_11-12-28-white,1,1,0,1,0,1,1,1,0,/home/server/wxl/cinao/hsi/2024-10-09_11-12-28-white.json,/home/server/wxl/hyperspctral_image/2024-10-09_11-12-28-white,
2024-10-09_11-48-04-white,1,1,1,1,0,1,1,1,6,/home/server/wxl/cinao/hsi/2024-10-09_11-48-04-white.json,/home/server/wxl/hyperspctral_image/2024-10-09_11-48-04-white,
2024-10-10_13-48-16-white,1,1,0,1,0,1,1,1,0,/home/server/wxl/cinao/hsi/2024-10-10_13-48-16-white.json,/home/server/wxl/hyperspctral_image/2024-10-10_13-48-16-white,
2024-10-10_15-03-32-white,1,1,0,1,0,1,1,1,0,/home/server/wxl/cinao/hsi/2024-10-10_15-03-32-white.json,/home/server/wxl/hyperspctral_image/2024-10-10_15-03-32-white,
2024-10-10_15-20-12-white,1,0,1,1,0,1,1,0,4,/home/server/wxl/cinao/hsi/2024-10-10_15-20-12-white.json,/home/server/wxl/hyperspctral_image/2024-10-10_15-20-12-white,
2024-10-10_16-02-02-white,1,1,1,1,0,1,1,1,8,/home/server/wxl/cinao/hsi/2024-10-10_16-02-02-white.json,/home/server/wxl/hyperspctral_image/2024-10-10_16-02-02-white,
2024-10-10_16-11-22-white,1,0,1,1,0,1,1,0,7,/home/server/wxl/cinao/hsi/2024-10-10_16-11-22-white.json,/home/server/wxl/hyperspctral_image/2024-10-10_16-11-22-white,
2024-10-10_17-20-07-white,1,1,1,1,0,1,1,1,4,/home/server/wxl/cinao/hsi/2024-10-10_17-20-07-white.json,/home/server/wxl/hyperspctral_image/2024-10-10_17-20-07-white,
2024-10-12_08-52-33-white,1,1,1,1,0,1,1,1,8,/home/server/wxl/cinao/hsi/2024-10-12_08-52-33-white.json,/home/server/wxl/hyperspctral_image/2024-10-12_08-52-33-white,
2024-10-12_09-41-46-white,1,0,1,1,0,1,1,0,5,/home/server/wxl/cinao/hsi/2024-10-12_09-41-46-white.json,/home/server/wxl/hyperspctral_image/2024-10-12_09-41-46-white,
2024-10-12_10-14-13-white,1,0,1,1,0,1,1,0,6,/home/server/wxl/cinao/hsi/2024-10-12_10-14-13-white.json,/home/server/wxl/hyperspctral_image/2024-10-12_10-14-13-white,
2024-10-12_10-40-38-white,1,1,1,1,0,1,1,1,4,/home/server/wxl/cinao/hsi/2024-10-12_10-40-38-white.json,/home/server/wxl/hyperspctral_image/2024-10-12_10-40-38-white,
2024-10-12_11-57-04-white,1,1,1,1,0,1,1,1,9,/home/server/wxl/cinao/hsi/2024-10-12_11-57-04-white.json,/home/server/wxl/hyperspctral_image/2024-10-12_11-57-04-white,
2024-10-12_12-05-23-white,1,0,1,1,0,1,1,0,7,/home/server/wxl/cinao/hsi/2024-10-12_12-05-23-white.json,/home/server/wxl/hyperspctral_image/2024-10-12_12-05-23-white,
2024-10-12_12-12-09-white,1,1,1,1,0,1,1,1,6,/home/server/wxl/cinao/hsi/2024-10-12_12-12-09-white.json,/home/server/wxl/hyperspctral_image/2024-10-12_12-12-09-white,
2024-10-12_12-19-55-white,1,0,1,1,0,1,1,0,3,/home/server/wxl/cinao/hsi/2024-10-12_12-19-55-white.json,/home/server/wxl/hyperspctral_image/2024-10-12_12-19-55-white,
2024-10-12_12-25-24-white,1,1,1,1,0,1,1,1,7,/home/server/wxl/cinao/hsi/2024-10-12_12-25-24-white.json,/home/server/wxl/hyperspctral_image/2024-10-12_12-25-24-white,
2024-10-12_12-34-47-white,1,1,1,0,0,1,0,1,5,/home/server/wxl/cinao/hsi/2024-10-12_12-34-47-white.json,/home/server/wxl/hyperspctral_image/2024-10-12_12-34-47-white,
2024-10-12_12-45-23-white,1,1,1,1,0,1,1,3,5,/home/server/wxl/cinao/hsi/2024-10-12_12-45-23-white.json,/home/server/wxl/hyperspctral_image/2024-10-12_12-45-23-white,
2024-10-14_08-20-23-white,1,1,1,1,0,1,1,1,1,/home/server/wxl/cinao/hsi/2024-10-14_08-20-23-white.json,/home/server/wxl/hyperspctral_image/2024-10-14_08-20-23-white,
2024-10-14_08-31-52-white,1,0,0,1,0,1,1,0,0,/home/server/wxl/cinao/hsi/2024-10-14_08-31-52-white.json,/home/server/wxl/hyperspctral_image/2024-10-14_08-31-52-white,
2024-10-14_09-13-40-white,1,0,1,1,0,1,1,0,2,/home/server/wxl/cinao/hsi/2024-10-14_09-13-40-white.json,/home/server/wxl/hyperspctral_image/2024-10-14_09-13-40-white,
2024-10-14_09-20-44-white,1,0,1,1,0,1,1,0,10,/home/server/wxl/cinao/hsi/2024-10-14_09-20-44-white.json,/home/server/wxl/hyperspctral_image/2024-10-14_09-20-44-white,
2024-10-14_10-10-58-white,1,1,1,1,0,1,1,1,2,/home/server/wxl/cinao/hsi/2024-10-14_10-10-58-white.json,/home/server/wxl/hyperspctral_image/2024-10-14_10-10-58-white,
2024-10-14_10-32-04-white,1,0,0,1,0,1,1,0,0,/home/server/wxl/cinao/hsi/2024-10-14_10-32-04-white.json,/home/server/wxl/hyperspctral_image/2024-10-14_10-32-04-white,
2024-10-14_11-11-49-white,1,0,1,1,0,1,1,0,5,/home/server/wxl/cinao/hsi/2024-10-14_11-11-49-white.json,/home/server/wxl/hyperspctral_image/2024-10-14_11-11-49-white,
2024-10-14_11-43-55-white,1,0,1,1,0,1,1,0,3,/home/server/wxl/cinao/hsi/2024-10-14_11-43-55-white.json,/home/server/wxl/hyperspctral_image/2024-10-14_11-43-55-white,
2024-10-14_11-52-12-white,1,1,1,1,0,1,1,1,9,/home/server/wxl/cinao/hsi/2024-10-14_11-52-12-white.json,/home/server/wxl/hyperspctral_image/2024-10-14_11-52-12-white,
2024-10-14_12-00-47-white,1,1,1,1,0,1,1,3,7,/home/server/wxl/cinao/hsi/2024-10-14_12-00-47-white.json,/home/server/wxl/hyperspctral_image/2024-10-14_12-00-47-white,
2024-10-15_08-52-37-white,1,1,1,1,0,1,1,1,1,/home/server/wxl/cinao/hsi/2024-10-15_08-52-37-white.json,/home/server/wxl/hyperspctral_image/2024-10-15_08-52-37-white,
2024-10-15_09-16-00-white,1,1,1,1,0,2,1,1,7,/home/server/wxl/cinao/hsi/2024-10-15_09-16-00-white.json,/home/server/wxl/hyperspctral_image/2024-10-15_09-16-00-white,
2024-10-15_09-25-27-white,1,1,1,1,0,1,1,1,4,/home/server/wxl/cinao/hsi/2024-10-15_09-25-27-white.json,/home/server/wxl/hyperspctral_image/2024-10-15_09-25-27-white,
2024-10-15_09-54-43-white,1,1,1,1,0,1,1,1,6,/home/server/wxl/cinao/hsi/2024-10-15_09-54-43-white.json,/home/server/wxl/hyperspctral_image/2024-10-15_09-54-43-white,
2024-10-15_11-02-05-white,1,1,1,1,0,1,1,1,4,/home/server/wxl/cinao/hsi/2024-10-15_11-02-05-white.json,/home/server/wxl/hyperspctral_image/2024-10-15_11-02-05-white,
2024-10-15_11-14-12-white,1,0,0,1,0,1,1,0,0,/home/server/wxl/cinao/hsi/2024-10-15_11-14-12-white.json,/home/server/wxl/hyperspctral_image/2024-10-15_11-14-12-white,
2024-10-15_11-32-04-white,1,1,0,1,0,1,1,1,0,/home/server/wxl/cinao/hsi/2024-10-15_11-32-04-white.json,/home/server/wxl/hyperspctral_image/2024-10-15_11-32-04-white,
2024-10-15_11-40-28-white,1,1,1,1,0,1,1,1,4,/home/server/wxl/cinao/hsi/2024-10-15_11-40-28-white.json,/home/server/wxl/hyperspctral_image/2024-10-15_11-40-28-white,
2024-10-15_11-49-02-white,1,0,1,1,0,1,1,0,4,/home/server/wxl/cinao/hsi/2024-10-15_11-49-02-white.json,/home/server/wxl/hyperspctral_image/2024-10-15_11-49-02-white,
2024-10-15_12-11-26-white,1,0,1,1,0,1,1,0,5,/home/server/wxl/cinao/hsi/2024-10-15_12-11-26-white.json,/home/server/wxl/hyperspctral_image/2024-10-15_12-11-26-white,
2024-10-15_12-24-03-white,1,0,1,1,0,1,1,0,4,/home/server/wxl/cinao/hsi/2024-10-15_12-24-03-white.json,/home/server/wxl/hyperspctral_image/2024-10-15_12-24-03-white,
2024-10-15_12-29-36-white,1,0,1,1,0,1,1,0,4,/home/server/wxl/cinao/hsi/2024-10-15_12-29-36-white.json,/home/server/wxl/hyperspctral_image/2024-10-15_12-29-36-white,
2024-10-15_12-39-01-white,1,1,1,1,0,1,1,1,5,/home/server/wxl/cinao/hsi/2024-10-15_12-39-01-white.json,/home/server/wxl/hyperspctral_image/2024-10-15_12-39-01-white,
2024-10-15_12-44-00-white,1,0,1,1,0,1,1,0,6,/home/server/wxl/cinao/hsi/2024-10-15_12-44-00-white.json,/home/server/wxl/hyperspctral_image/2024-10-15_12-44-00-white,
2024-11-05_08-11-40-white,1,1,1,1,0,1,1,1,5,/home/server/wxl/cinao/hsi/2024-11-05_08-11-40-white.json,/home/server/wxl/hyperspctral_image/2024-11-05_08-11-40-white,
2024-11-05_08-16-45-white,1,0,1,1,0,1,1,0,4,/home/server/wxl/cinao/hsi/2024-11-05_08-16-45-white.json,/home/server/wxl/hyperspctral_image/2024-11-05_08-16-45-white,
2024-11-05_08-26-56-white,1,1,1,1,0,1,1,2,5,/home/server/wxl/cinao/hsi/2024-11-05_08-26-56-white.json,/home/server/wxl/hyperspctral_image/2024-11-05_08-26-56-white,
2024-11-05_08-38-43-white,1,0,1,1,0,1,1,0,7,/home/server/wxl/cinao/hsi/2024-11-05_08-38-43-white.json,/home/server/wxl/hyperspctral_image/2024-11-05_08-38-43-white,
2024-11-05_08-47-48-white,1,1,1,1,0,1,1,1,6,/home/server/wxl/cinao/hsi/2024-11-05_08-47-48-white.json,/home/server/wxl/hyperspctral_image/2024-11-05_08-47-48-white,
2024-11-05_08-53-06-white,1,0,1,1,0,1,1,0,6,/home/server/wxl/cinao/hsi/2024-11-05_08-53-06-white.json,/home/server/wxl/hyperspctral_image/2024-11-05_08-53-06-white,
2024-11-05_09-03-21-white,1,1,1,1,0,1,1,1,6,/home/server/wxl/cinao/hsi/2024-11-05_09-03-21-white.json,/home/server/wxl/hyperspctral_image/2024-11-05_09-03-21-white,
2024-11-05_09-32-08-white,1,0,1,1,0,1,1,0,5,/home/server/wxl/cinao/hsi/2024-11-05_09-32-08-white.json,/home/server/wxl/hyperspctral_image/2024-11-05_09-32-08-white,
2024-11-05_09-38-06-white,1,1,1,1,0,1,1,1,6,/home/server/wxl/cinao/hsi/2024-11-05_09-38-06-white.json,/home/server/wxl/hyperspctral_image/2024-11-05_09-38-06-white,
2024-11-05_10-08-49-white,1,1,1,1,0,1,1,1,8,/home/server/wxl/cinao/hsi/2024-11-05_10-08-49-white.json,/home/server/wxl/hyperspctral_image/2024-11-05_10-08-49-white,
2024-11-05_10-17-46-white,1,0,1,1,0,1,1,0,6,/home/server/wxl/cinao/hsi/2024-11-05_10-17-46-white.json,/home/server/wxl/hyperspctral_image/2024-11-05_10-17-46-white,
2024-11-05_10-32-22-white,1,1,1,1,0,1,1,1,5,/home/server/wxl/cinao/hsi/2024-11-05_10-32-22-white.json,/home/server/wxl/hyperspctral_image/2024-11-05_10-32-22-white,
2024-11-05_10-45-38-white,1,0,1,1,0,1,1,0,7,/home/server/wxl/cinao/hsi/2024-11-05_10-45-38-white.json,/home/server/wxl/hyperspctral_image/2024-11-05_10-45-38-white,
2024-11-05_11-08-22-white,1,0,1,1,0,1,1,0,6,/home/server/wxl/cinao/hsi/2024-11-05_11-08-22-white.json,/home/server/wxl/hyperspctral_image/2024-11-05_11-08-22-white,
2024-11-05_11-16-17-white,1,1,0,1,0,1,1,1,0,/home/server/wxl/cinao/hsi/2024-11-05_11-16-17-white.json,/home/server/wxl/hyperspctral_image/2024-11-05_11-16-17-white,
2024-11-05_11-35-32-white,1,1,1,1,0,1,1,1,7,/home/server/wxl/cinao/hsi/2024-11-05_11-35-32-white.json,/home/server/wxl/hyperspctral_image/2024-11-05_11-35-32-white,
