epoch,train_loss,val_loss,train_薄苔,train_裂纹,train_齿痕,train_厚苔,val_薄苔,val_裂纹,val_齿痕,val_厚苔,mean_val_acc,lr
0,3.2560,2.7307,0.9118,0.5184,0.5294,0.9375,0.9853,0.5735,0.6618,0.9706,0.7978,0.001000
1,2.7178,2.7118,0.9706,0.4853,0.6801,0.8235,0.9853,0.5735,0.6618,0.9706,0.7978,0.001000
2,2.7996,2.7095,0.9706,0.4853,0.5515,0.9338,0.9853,0.5735,0.6618,0.9706,0.7978,0.000999
3,2.8167,2.6538,0.9632,0.5000,0.6140,0.9044,0.9853,0.4265,0.6618,0.9706,0.7610,0.000997
4,2.5521,2.6871,0.9706,0.5037,0.6324,0.9118,0.9853,0.4265,0.6618,0.9706,0.7610,0.000993
5,2.7727,2.6451,0.9706,0.4191,0.5368,0.9375,0.9853,0.4265,0.6618,0.9706,0.7610,0.000988
6,2.9518,2.6298,0.9706,0.5147,0.5919,0.9743,0.9853,0.4265,0.6618,0.9706,0.7610,0.000982
7,2.7869,2.5695,0.9669,0.5221,0.5919,0.9375,0.9853,0.5735,0.6618,0.9706,0.7978,0.000974
8,2.7977,2.5077,0.9706,0.5184,0.7169,0.9743,0.9853,0.5735,0.6618,0.9706,0.7978,0.000964
9,2.6133,2.6164,0.9706,0.5294,0.7206,0.9706,0.9853,0.5735,0.6618,0.9706,0.7978,0.000954
10,2.5895,2.5441,0.9706,0.4963,0.7169,0.9743,0.9853,0.4265,0.6618,0.9706,0.7610,0.000942
11,2.4860,2.5289,0.9743,0.5809,0.7868,0.9743,0.9853,0.5735,0.6618,0.9706,0.7978,0.000928
12,2.4377,2.5673,0.9669,0.5221,0.5809,0.9743,0.9853,0.4265,0.3382,0.9706,0.6801,0.000914
13,2.4852,2.7321,0.9632,0.5441,0.7206,0.9743,0.9853,0.5735,0.6618,0.9706,0.7978,0.000898
14,2.4695,2.7456,0.9706,0.4265,0.7353,0.8824,0.9853,0.5735,0.6618,0.9706,0.7978,0.000881
15,2.3591,2.7446,0.9743,0.4853,0.7132,0.9154,0.9853,0.5735,0.6618,0.9706,0.7978,0.000863
16,2.2588,2.7179,0.9596,0.5588,0.7390,0.9375,0.9853,0.5735,0.6618,0.9706,0.7978,0.000844
17,2.3925,2.6170,0.9669,0.5441,0.7757,0.9375,0.9853,0.5735,0.6618,0.9706,0.7978,0.000824
18,2.2246,2.6375,0.9449,0.5772,0.7390,0.9265,0.9853,0.5735,0.6618,0.9706,0.7978,0.000803
19,2.1753,2.7800,0.9706,0.6176,0.7500,0.9265,0.9853,0.5735,0.6618,0.9706,0.7978,0.000781
20,2.1470,2.9760,0.8493,0.6360,0.8088,0.9118,0.9853,0.5735,0.6618,0.9706,0.7978,0.000758
21,2.1923,2.8853,0.9412,0.5551,0.7390,0.9375,0.9853,0.5735,0.6618,0.9706,0.7978,0.000734
22,2.2904,2.9825,0.9449,0.6213,0.8088,0.9301,0.9853,0.5735,0.6618,0.9706,0.7978,0.000710
23,2.1740,2.9160,0.9485,0.5882,0.7610,0.9485,0.9853,0.5735,0.6618,0.9706,0.7978,0.000685
24,2.1912,2.9421,0.9706,0.5846,0.8015,0.9559,0.9853,0.5735,0.6618,0.9706,0.7978,0.000660
25,2.2170,2.8546,0.9706,0.5368,0.8051,0.9743,0.9853,0.5735,0.6618,0.9706,0.7978,0.000634
26,2.1198,2.8973,0.9706,0.5846,0.8309,0.9559,0.9853,0.5735,0.6618,0.9706,0.7978,0.000607
27,2.1869,2.8862,0.9706,0.5882,0.7868,0.9559,0.9853,0.5735,0.6618,0.9706,0.7978,0.000581
28,2.1959,2.8230,0.9706,0.6103,0.7941,0.9669,0.9853,0.5735,0.6618,0.9706,0.7978,0.000554
29,2.1496,2.8247,0.9706,0.6103,0.7978,0.9412,0.9853,0.5735,0.6618,0.9706,0.7978,0.000527
30,2.1347,3.0393,0.9706,0.6066,0.7868,0.9301,0.9853,0.5735,0.6618,0.9706,0.7978,0.000500
31,2.1972,2.8112,0.9706,0.5735,0.7868,0.8676,0.9853,0.5735,0.6618,0.9412,0.7904,0.000473
32,2.0532,2.6114,0.9706,0.6287,0.7574,0.8566,0.9853,0.4853,0.6765,0.8676,0.7537,0.000446
33,2.1314,2.5065,0.9706,0.5588,0.7574,0.8566,0.9853,0.4559,0.6765,0.7941,0.7279,0.000419
34,2.1302,2.4317,0.9706,0.5919,0.7610,0.8676,0.9853,0.5588,0.7059,0.9118,0.7904,0.000393
35,1.9362,2.8183,0.9706,0.5515,0.7941,0.8971,0.9853,0.5294,0.7353,0.9706,0.8051,0.000366
36,1.8905,2.8581,0.9632,0.5956,0.8199,0.9118,0.9853,0.5588,0.7353,0.9706,0.8125,0.000340
37,2.0932,2.8122,0.9706,0.5919,0.8088,0.8787,0.9853,0.5441,0.7353,0.8088,0.7684,0.000315
38,2.0500,2.6286,0.9706,0.6066,0.8088,0.8713,0.9853,0.5147,0.7353,0.7941,0.7574,0.000290
39,1.8159,2.6874,0.9706,0.5956,0.8346,0.9412,0.9853,0.5147,0.8088,0.8382,0.7868,0.000266
40,1.8842,2.7104,0.9596,0.6103,0.8051,0.9265,0.9853,0.5294,0.7941,0.7794,0.7721,0.000242
41,1.9227,2.9194,0.9485,0.5956,0.7978,0.9449,0.9853,0.5294,0.7353,0.8088,0.7647,0.000219
42,1.9384,3.3520,0.8603,0.5809,0.8346,0.9228,0.9706,0.4853,0.7353,0.8529,0.7610,0.000197
43,1.7769,3.5385,0.8309,0.5846,0.7978,0.9301,0.9853,0.5441,0.6324,0.8382,0.7500,0.000176
44,1.7549,3.6192,0.8529,0.5478,0.8162,0.9228,0.9853,0.5147,0.7206,0.8529,0.7684,0.000156
45,1.8870,3.5855,0.8603,0.6066,0.8125,0.9338,0.9412,0.5441,0.7353,0.8824,0.7757,0.000137
46,1.7271,3.6490,0.8824,0.5882,0.8015,0.9301,0.9412,0.5441,0.7206,0.8824,0.7721,0.000119
47,1.7658,3.8954,0.8897,0.5919,0.8051,0.9559,0.9706,0.5294,0.7059,0.8824,0.7721,0.000102
48,1.8746,3.7228,0.9007,0.5588,0.8088,0.9265,0.9853,0.6029,0.7647,0.8676,0.8051,0.000086
49,1.7838,3.7697,0.8860,0.5993,0.8272,0.9375,0.9853,0.6029,0.7647,0.8676,0.8051,0.000072
50,1.6760,3.8091,0.9154,0.6066,0.8346,0.9522,0.9853,0.5882,0.7647,0.8971,0.8088,0.000058
51,1.6886,3.8893,0.8897,0.6066,0.7978,0.9669,0.9853,0.5882,0.7647,0.8971,0.8088,0.000046
52,1.8039,3.7413,0.8934,0.5588,0.8162,0.9743,0.9706,0.5882,0.7941,0.8971,0.8125,0.000036
53,1.8394,3.7555,0.8897,0.6176,0.8456,0.9338,0.9559,0.5588,0.7647,0.9118,0.7978,0.000026
54,1.5985,3.7995,0.8824,0.6103,0.8309,0.9559,0.9412,0.5588,0.7794,0.8971,0.7941,0.000018
55,1.5519,3.8450,0.9007,0.6029,0.8272,0.9596,0.9412,0.5735,0.7647,0.8971,0.7941,0.000012
56,1.6725,3.9051,0.8897,0.6140,0.8309,0.9596,0.9559,0.5882,0.7647,0.8971,0.8015,0.000007
57,1.7576,3.9511,0.8824,0.5846,0.8272,0.9559,0.9706,0.5882,0.7647,0.8971,0.8051,0.000003
58,1.5571,4.0035,0.8897,0.6434,0.8346,0.9485,0.9706,0.6029,0.7647,0.8971,0.8088,0.000001
59,1.5073,4.0237,0.9044,0.6176,0.8272,0.9706,0.9706,0.6029,0.7647,0.8971,0.8088,0.000000
